Workbook

Sheet Inventory
A1: Product Code | B1: Product Name | C1: Category | D1: Unit Price | E1: Stock Qty | F1: Reorder Level | G1: Stock Gap (Stock - Reorder)
A2: P001 | B2: Wireless Mouse | C2: Electronics | D2: 499 | E2: 120 | F2: 30 | G2: =E2-F2 -> 90
A3: P002 | B3: USB Cable | C3: Electronics | D3: 149 | E3: 500 | F3: 100 | G3: =E3-F3 -> 400
A4: P003 | B4: Bluetooth Speaker | C4: Electronics | D4: 1499 | E4: 40 | F4: 25 | G4: =E4-F4 -> 15
A5: P004 | B5: Notebook Pack | C5: Stationery | D5: 120 | E5: 300 | F5: 50 | G5: =E5-F5 -> 250
A6: P005 | B6: Gel Pen Set | C6: Stationery | D6: 90 | E6: 8 | F6: 40 | G6: =E6-F6 -> -32
A7: P006 | B7: Sketch Book | C7: Stationery | D7: 150 | E7: 60 | F7: 20 | G7: =E7-F7 -> 40
A8: P007 | B8: Face Wash | C8: Beauty | D8: 199 | E8: 85 | F8: 30 | G8: =E8-F8 -> 55
A9: P008 | B9: Moisturizer | C9: Beauty | D9: 349 | E9: 15 | F9: 25 | G9: =E9-F9 -> -10
A10: P009 | B10: Lipstick | C10: Beauty | D10: 299 | E10: 55 | F10: 20 | G10: =E10-F10 -> 35
A11: P010 | B11: Cotton T-Shirt | C11: Apparel | D11: 599 | E11: 200 | F11: 40 | G11: =E11-F11 -> 160
A12: P011 | B12: Denim Jeans | C12: Apparel | D12: 1299 | E12: 12 | F12: 20 | G12: =E12-F12 -> -8
A13: P012 | B13: Running Shoes | C13: Sports | D13: 1999 | E13: 30 | F13: 15 | G13: =E13-F13 -> 15
... A21: P020 | B21: Hair Dryer | C21: Beauty | D21: 899 | E21: 25 | F21: 15 | G21: =E21-F21 -> 10

Sheet Sales
A1: Transaction ID | B1: Date | C1: Product Code | D1: Qty | E1: Region | F1: Product Name (VLOOKUP) | G1: Category (VLOOKUP) | H1: Lookup Status | I1: Product Name (Index-Match) | J1: Product Code (Index Match) | K1: Product Name (XLookup) | L1: Product Code (XLookup) | M1: Markup % | N1: Bulk Adjusted Markup %
A2: TXN014 | B2: 02-06-2026 | C2: P018 | D2: 2 | E2: North | F2: =IFERROR(VLOOKUP(C2,Inventory!$A$2:$F$21,2,FALSE),"Product Not Found") -> Water Bottle | G2: =IFERROR(VLOOKUP(C2,Inventory!$A$2:$F$21,3,FALSE),"Product Not Found") -> Sports | H2: =IF(ISNA(VLOOKUP(C2,Inventory!$A$2:$F$21,2,FALSE)),"Review","OK") -> OK | I2: =IFERROR(INDEX(Inventory!$B$2:$B$21,MATCH(C2,Inventory!$A$2:$A$21,0)),"Product Not Found") -> Water Bottle | J2: =IFERROR(INDEX(Inventory!$A$2:$A$21,MATCH(F2,Inventory!$B$2:$B$21,0)),"Product Not Found") -> P018 | K2: =_xludf.XLOOKUP(C2,Inventory!$A$2:$A$21,Inventory!$B$2:$B$21,"Product Not Found") -> #NAME? | L2: =_xludf.XLOOKUP(F2,Inventory!$B$2:$B$21,Inventory!$A$2:$A$21,"Product Not Found") -> #NAME? | M2: =IFERROR(INDEX(Markup!$B$2:$E$9,MATCH(C2,Markup!$A$2:$A$9,0),MATCH(E2,Markup!$B$1:$E$1,0)),"No Markup Data") -> No Markup Data | N2: =IFERROR(IF(D2>5,INDEX(Markup!$B$2:$E$9,MATCH(C2,Markup!$A$2:$A$9,0),MATCH(E2,Markup!$B$1:$E$1,0))-2%,INDEX(Markup!$B$2:$E$9,MATCH(C2,Markup!$A$2:$A$9,0),MATCH(E2,Markup!$B$1:$E$1,0))),"No Markup Data") -> No Markup Data
A3: TXN027 | B3: 17-07-2026 | C3: P009 | D3: 8 | E3: East | F3: =IFERROR(VLOOKUP(C3,Inventory!$A$2:$F$21,2,FALSE),"Product Not Found") -> Lipstick | G3: =IFERROR(VLOOKUP(C3,Inventory!$A$2:$F$21,3,FALSE),"Product Not Found") -> Beauty | H3: =IF(ISNA(VLOOKUP(C3,Inventory!$A$2:$F$21,2,FALSE)),"Review","OK") -> OK | I3: =IFERROR(INDEX(Inventory!$B$2:$B$21,MATCH(C3,Inventory!$A$2:$A$21,0)),"Product Not Found") -> Lipstick | J3: =IFERROR(INDEX(Inventory!$A$2:$A$21,MATCH(F3,Inventory!$B$2:$B$21,0)),"Product Not Found") -> P009 | K3: =_xludf.XLOOKUP(C3,Inventory!$A$2:$A$21,Inventory!$B$2:$B$21,"Product Not Found") -> #NAME? | L3: =_xludf.XLOOKUP(F3,Inventory!$B$2:$B$21,Inventory!$A$2:$A$21,"Product Not Found") -> #NAME? | M3: =IFERROR(INDEX(Markup!$B$2:$E$9,MATCH(C3,Markup!$A$2:$A$9,0),MATCH(E3,Markup!$B$1:$E$1,0)),"No Markup Data") -> No Markup Data | N3: =IFERROR(IF(D3>5,INDEX(Markup!$B$2:$E$9,MATCH(C3,Markup!$A$2:$A$9,0),MATCH(E3,Markup!$B$1:$E$1,0))-2%,INDEX(Markup!$B$2:$E$9,MATCH(C3,Markup!$A$2:$A$9,0),MATCH(E3,Markup!$B$1:$E$1,0))),"No Markup Data") -> No Markup Data
A4: TXN003 | B4: 28-07-2026 | C4: P002 | D4: 2 | E4: South | F4: =IFERROR(VLOOKUP(C4,Inventory!$A$2:$F$21,2,FALSE),"Product Not Found") -> USB Cable | G4: =IFERROR(VLOOKUP(C4,Inventory!$A$2:$F$21,3,FALSE),"Product Not Found") -> Electronics | H4: =IF(ISNA(VLOOKUP(C4,Inventory!$A$2:$F$21,2,FALSE)),"Review","OK") -> OK | I4: =IFERROR(INDEX(Inventory!$B$2:$B$21,MATCH(C4,Inventory!$A$2:$A$21,0)),"Product Not Found") -> USB Cable | J4: =IFERROR(INDEX(Inventory!$A$2:$A$21,MATCH(F4,Inventory!$B$2:$B$21,0)),"Product Not Found") -> P002 | K4: =_xludf.XLOOKUP(C4,Inventory!$A$2:$A$21,Inventory!$B$2:$B$21,"Product Not Found") -> #NAME? | L4: =_xludf.XLOOKUP(F4,Inventory!$B$2:$B$21,Inventory!$A$2:$A$21,"Product Not Found") -> #NAME? | M4: =IFERROR(INDEX(Markup!$B$2:$E$9,MATCH(C4,Markup!$A$2:$A$9,0),MATCH(E4,Markup!$B$1:$E$1,0)),"No Markup Data") -> 0.09 | N4: =IFERROR(IF(D4>5,INDEX(Markup!$B$2:$E$9,MATCH(C4,Markup!$A$2:$A$9,0),MATCH(E4,Markup!$B$1:$E$1,0))-2%,INDEX(Markup!$B$2:$E$9,MATCH(C4,Markup!$A$2:$A$9,0),MATCH(E4,Markup!$B$1:$E$1,0))),"No Markup Data") -> 0.09
A5: TXN021 | B5: 06-07-2026 | C5: P014 | D5: 1 | E5: West | F5: =IFERROR(VLOOKUP(C5,Inventory!$A$2:$F$21,2,FALSE),"Product Not Found") -> Yoga Mat | G5: =IFERROR(VLOOKUP(C5,Inventory!$A$2:$F$21,3,FALSE),"Product Not Found") -> Sports | H5: =IF(ISNA(VLOOKUP(C5,Inventory!$A$2:$F$21,2,FALSE)),"Review","OK") -> OK | I5: =IFERROR(INDEX(Inventory!$B$2:$B$21,MATCH(C5,Inventory!$A$2:$A$21,0)),"Product Not Found") -> Yoga Mat | J5: =IFERROR(INDEX(Inventory!$A$2:$A$21,MATCH(F5,Inventory!$B$2:$B$21,0)),"Product Not Found") -> P014 | K5: =_xludf.XLOOKUP(C5,Inventory!$A$2:$A$21,Inventory!$B$2:$B$21,"Product Not Found") -> #NAME? | L5: =_xludf.XLOOKUP(F5,Inventory!$B$2:$B$21,Inventory!$A$2:$A$21,"Product Not Found") -> #NAME? | M5: =IFERROR(INDEX(Markup!$B$2:$E$9,MATCH(C5,Markup!$A$2:$A$9,0),MATCH(E5,Markup!$B$1:$E$1,0)),"No Markup Data") -> No Markup Data | N5: =IFERROR(IF(D5>5,INDEX(Markup!$B$2:$E$9,MATCH(C5,Markup!$A$2:$A$9,0),MATCH(E5,Markup!$B$1:$E$1,0))-2%,INDEX(Markup!$B$2:$E$9,MATCH(C5,Markup!$A$2:$A$9,0),MATCH(E5,Markup!$B$1:$E$1,0))),"No Markup Data") -> No Markup Data
A6: TXN020 | B6: 25-07-2026 | C6: P008 | D6: 7 | E6: North | F6: =IFERROR(VLOOKUP(C6,Inventory!$A$2:$F$21,2,FALSE),"Product Not Found") -> Moisturizer | G6: =IFERROR(VLOOKUP(C6,Inventory!$A$2:$F$21,3,FALSE),"Product Not Found") -> Beauty | H6: =IF(ISNA(VLOOKUP(C6,Inventory!$A$2:$F$21,2,FALSE)),"Review","OK") -> OK | I6: =IFERROR(INDEX(Inventory!$B$2:$B$21,MATCH(C6,Inventory!$A$2:$A$21,0)),"Product Not Found") -> Moisturizer | J6: =IFERROR(INDEX(Inventory!$A$2:$A$21,MATCH(F6,Inventory!$B$2:$B$21,0)),"Product Not Found") -> P008 | K6: =_xludf.XLOOKUP(C6,Inventory!$A$2:$A$21,Inventory!$B$2:$B$21,"Product Not Found") -> #NAME? | L6: =_xludf.XLOOKUP(F6,Inventory!$B$2:$B$21,Inventory!$A$2:$A$21,"Product Not Found") -> #NAME? | M6: =IFERROR(INDEX(Markup!$B$2:$E$9,MATCH(C6,Markup!$A$2:$A$9,0),MATCH(E6,Markup!$B$1:$E$1,0)),"No Markup Data") -> 0.09 | N6: =IFERROR(IF(D6>5,INDEX(Markup!$B$2:$E$9,MATCH(C6,Markup!$A$2:$A$9,0),MATCH(E6,Markup!$B$1:$E$1,0))-2%,INDEX(Markup!$B$2:$E$9,MATCH(C6,Markup!$A$2:$A$9,0),MATCH(E6,Markup!$B$1:$E$1,0))),"No Markup Data") -> 0.07
A7: TXN022 | B7: 02-06-2026 | C7: P014 | D7: 2 | E7: North | F7: =IFERROR(VLOOKUP(C7,Inventory!$A$2:$F$21,2,FALSE),"Product Not Found") -> Yoga Mat | G7: =IFERROR(VLOOKUP(C7,Inventory!$A$2:$F$21,3,FALSE),"Product Not Found") -> Sports | H7: =IF(ISNA(VLOOKUP(C7,Inventory!$A$2:$F$21,2,FALSE)),"Review","OK") -> OK | I7: =IFERROR(INDEX(Inventory!$B$2:$B$21,MATCH(C7,Inventory!$A$2:$A$21,0)),"Product Not Found") -> Yoga Mat | J7: =IFERROR(INDEX(Inventory!$A$2:$A$21,MATCH(F7,Inventory!$B$2:$B$21,0)),"Product Not Found") -> P014 | K7: =_xludf.XLOOKUP(C7,Inventory!$A$2:$A$21,Inventory!$B$2:$B$21,"Product Not Found") -> #NAME? | L7: =_xludf.XLOOKUP(F7,Inventory!$B$2:$B$21,Inventory!$A$2:$A$21,"Product Not Found") -> #NAME? | M7: =IFERROR(INDEX(Markup!$B$2:$E$9,MATCH(C7,Markup!$A$2:$A$9,0),MATCH(E7,Markup!$B$1:$E$1,0)),"No Markup Data") -> No Markup Data | N7: =IFERROR(IF(D7>5,INDEX(Markup!$B$2:$E$9,MATCH(C7,Markup!$A$2:$A$9,0),MATCH(E7,Markup!$B$1:$E$1,0))-2%,INDEX(Markup!$B$2:$E$9,MATCH(C7,Markup!$A$2:$A$9,0),MATCH(E7,Markup!$B$1:$E$1,0))),"No Markup Data") -> No Markup Data
A8: TXN012 | B8: 03-07-2026 | C8: P011 | D8: 8 | E8: East | F8: =IFERROR(VLOOKUP(C8,Inventory!$A$2:$F$21,2,FALSE),"Product Not Found") -> Denim Jeans | G8: =IFERROR(VLOOKUP(C8,Inventory!$A$2:$F$21,3,FALSE),"Product Not Found") -> Apparel | H8: =IF(ISNA(VLOOKUP(C8,Inventory!$A$2:$F$21,2,FALSE)),"Review","OK") -> OK | I8: =IFERROR(INDEX(Inventory!$B$2:$B$21,MATCH(C8,Inventory!$A$2:$A$21,0)),"Product Not Found") -> Denim Jeans | J8: =IFERROR(INDEX(Inventory!$A$2:$A$21,MATCH(F8,Inventory!$B$2:$B$21,0)),"Product Not Found") -> P011 | K8: =_xludf.XLOOKUP(C8,Inventory!$A$2:$A$21,Inventory!$B$2:$B$21,"Product Not Found") -> #NAME? | L8: =_xludf.XLOOKUP(F8,Inventory!$B$2:$B$21,Inventory!$A$2:$A$21,"Product Not Found") -> #NAME? | M8: =IFERROR(INDEX(Markup!$B$2:$E$9,MATCH(C8,Markup!$A$2:$A$9,0),MATCH(E8,Markup!$B$1:$E$1,0)),"No Markup Data") -> No Markup Data | N8: =IFERROR(IF(D8>5,INDEX(Markup!$B$2:$E$9,MATCH(C8,Markup!$A$2:$A$9,0),MATCH(E8,Markup!$B$1:$E$1,0))-2%,INDEX(Markup!$B$2:$E$9,MATCH(C8,Markup!$A$2:$A$9,0),MATCH(E8,Markup!$B$1:$E$1,0))),"No Markup Data") -> No Markup Data
A9: TXN010 | B9: 31-07-2026 | C9: P008 | D9: 3 | E9: East | F9: =IFERROR(VLOOKUP(C9,Inventory!$A$2:$F$21,2,FALSE),"Product Not Found") -> Moisturizer | G9: =IFERROR(VLOOKUP(C9,Inventory!$A$2:$F$21,3,FALSE),"Product Not Found") -> Beauty | H9: =IF(ISNA(VLOOKUP(C9,Inventory!$A$2:$F$21,2,FALSE)),"Review","OK") -> OK | I9: =IFERROR(INDEX(Inventory!$B$2:$B$21,MATCH(C9,Inventory!$A$2:$A$21,0)),"Product Not Found") -> Moisturizer | J9: =IFERROR(INDEX(Inventory!$A$2:$A$21,MATCH(F9,Inventory!$B$2:$B$21,0)),"Product Not Found") -> P008 | K9: =_xludf.XLOOKUP(C9,Inventory!$A$2:$A$21,Inventory!$B$2:$B$21,"Product Not Found") -> #NAME? | L9: =_xludf.XLOOKUP(F9,Inventory!$B$2:$B$21,Inventory!$A$2:$A$21,"Product Not Found") -> #NAME? | M9: =IFERROR(INDEX(Markup!$B$2:$E$9,MATCH(C9,Markup!$A$2:$A$9,0),MATCH(E9,Markup!$B$1:$E$1,0)),"No Markup Data") -> 0.06 | N9: =IFERROR(IF(D9>5,INDEX(Markup!$B$2:$E$9,MATCH(C9,Markup!$A$2:$A$9,0),MATCH(E9,Markup!$B$1:$E$1,0))-2%,INDEX(Markup!$B$2:$E$9,MATCH(C9,Markup!$A$2:$A$9,0),MATCH(E9,Markup!$B$1:$E$1,0))),"No Markup Data") -> 0.06
A10: TXN026 | B10: 22-06-2026 | C10: P008 | D10: 1 | E10: East | F10: =IFERROR(VLOOKUP(C10,Inventory!$A$2:$F$21,2,FALSE),"Product Not Found") -> Moisturizer | G10: =IFERROR(VLOOKUP(C10,Inventory!$A$2:$F$21,3,FALSE),"Product Not Found") -> Beauty | H10: =IF(ISNA(VLOOKUP(C10,Inventory!$A$2:$F$21,2,FALSE)),"Review","OK") -> OK | I10: =IFERROR(INDEX(Inventory!$B$2:$B$21,MATCH(C10,Inventory!$A$2:$A$21,0)),"Product Not Found") -> Moisturizer | J10: =IFERROR(INDEX(Inventory!$A$2:$A$21,MATCH(F10,Inventory!$B$2:$B$21,0)),"Product Not Found") -> P008 | K10: =_xludf.XLOOKUP(C10,Inventory!$A$2:$A$21,Inventory!$B$2:$B$21,"Product Not Found") -> #NAME? | L10: =_xludf.XLOOKUP(F10,Inventory!$B$2:$B$21,Inventory!$A$2:$A$21,"Product Not Found") -> #NAME? | M10: =IFERROR(INDEX(Markup!$B$2:$E$9,MATCH(C10,Markup!$A$2:$A$9,0),MATCH(E10,Markup!$B$1:$E$1,0)),"No Markup Data") -> 0.06 | N10: =IFERROR(IF(D10>5,INDEX(Markup!$B$2:$E$9,MATCH(C10,Markup!$A$2:$A$9,0),MATCH(E10,Markup!$B$1:$E$1,0))-2%,INDEX(Markup!$B$2:$E$9,MATCH(C10,Markup!$A$2:$A$9,0),MATCH(E10,Markup!$B$1:$E$1,0))),"No Markup Data") -> 0.06
A11: TXN018 | B11: 03-07-2026 | C11: P019 | D11: 7 | E11: North | F11: =IFERROR(VLOOKUP(C11,Inventory!$A$2:$F$21,2,FALSE),"Product Not Found") -> Table Lamp | G11: =IFERROR(VLOOKUP(C11,Inventory!$A$2:$F$21,3,FALSE),"Product Not Found") -> Home & Kitchen | H11: =IF(ISNA(VLOOKUP(C11,Inventory!$A$2:$F$21,2,FALSE)),"Review","OK") -> OK | I11: =IFERROR(INDEX(Inventory!$B$2:$B$21,MATCH(C11,Inventory!$A$2:$A$21,0)),"Product Not Found") -> Table Lamp | J11: =IFERROR(INDEX(Inventory!$A$2:$A$21,MATCH(F11,Inventory!$B$2:$B$21,0)),"Product Not Found") -> P019 | K11: =_xludf.XLOOKUP(C11,Inventory!$A$2:$A$21,Inventory!$B$2:$B$21,"Product Not Found") -> #NAME? | L11: =_xludf.XLOOKUP(F11,Inventory!$B$2:$B$21,Inventory!$A$2:$A$21,"Product Not Found") -> #NAME? | M11: =IFERROR(INDEX(Markup!$B$2:$E$9,MATCH(C11,Markup!$A$2:$A$9,0),MATCH(E11,Markup!$B$1:$E$1,0)),"No Markup Data") -> No Markup Data | N11: =IFERROR(IF(D11>5,INDEX(Markup!$B$2:$E$9,MATCH(C11,Markup!$A$2:$A$9,0),MATCH(E11,Markup!$B$1:$E$1,0))-2%,INDEX(Markup!$B$2:$E$9,MATCH(C11,Markup!$A$2:$A$9,0),MATCH(E11,Markup!$B$1:$E$1,0))),"No Markup Data") -> No Markup Data
A12: TXN015 | B12: 12-06-2026 | C12: P013 | D12: 6 | E12: West | F12: =IFERROR(VLOOKUP(C12,Inventory!$A$2:$F$21,2,FALSE),"Product Not Found") -> Cricket Bat | G12: =IFERROR(VLOOKUP(C12,Inventory!$A$2:$F$21,3,FALSE),"Product Not Found") -> Sports | H12: =IF(ISNA(VLOOKUP(C12,Inventory!$A$2:$F$21,2,FALSE)),"Review","OK") -> OK | I12: =IFERROR(INDEX(Inventory!$B$2:$B$21,MATCH(C12,Inventory!$A$2:$A$21,0)),"Product Not Found") -> Cricket Bat | J12: =IFERROR(INDEX(Inventory!$A$2:$A$21,MATCH(F12,Inventory!$B$2:$B$21,0)),"Product Not Found") -> P013 | K12: =_xludf.XLOOKUP(C12,Inventory!$A$2:$A$21,Inventory!$B$2:$B$21,"Product Not Found") -> #NAME? | L12: =_xludf.XLOOKUP(F12,Inventory!$B$2:$B$21,Inventory!$A$2:$A$21,"Product Not Found") -> #NAME? | M12: =IFERROR(INDEX(Markup!$B$2:$E$9,MATCH(C12,Markup!$A$2:$A$9,0),MATCH(E12,Markup!$B$1:$E$1,0)),"No Markup Data") -> No Markup Data | N12: =IFERROR(IF(D12>5,INDEX(Markup!$B$2:$E$9,MATCH(C12,Markup!$A$2:$A$9,0),MATCH(E12,Markup!$B$1:$E$1,0))-2%,INDEX(Markup!$B$2:$E$9,MATCH(C12,Markup!$A$2:$A$9,0),MATCH(E12,Markup!$B$1:$E$1,0))),"No Markup Data") -> No Markup Data
A13: TXN029 | B13: 22-06-2026 | C13: P099 | D13: 2 | E13: South | F13: =IFERROR(VLOOKUP(C13,Inventory!$A$2:$F$21,2,FALSE),"Product Not Found") -> Product Not Found | G13: =IFERROR(VLOOKUP(C13,Inventory!$A$2:$F$21,3,FALSE),"Product Not Found") -> Product Not Found | H13: =IF(ISNA(VLOOKUP(C13,Inventory!$A$2:$F$21,2,FALSE)),"Review","OK") -> Review | I13: =IFERROR(INDEX(Inventory!$B$2:$B$21,MATCH(C13,Inventory!$A$2:$A$21,0)),"Product Not Found") -> Product Not Found | J13: =IFERROR(INDEX(Inventory!$A$2:$A$21,MATCH(F13,Inventory!$B$2:$B$21,0)),"Product Not Found") -> Product Not Found | K13: =_xludf.XLOOKUP(C13,Inventory!$A$2:$A$21,Inventory!$B$2:$B$21,"Product Not Found") -> #NAME? | L13: =_xludf.XLOOKUP(F13,Inventory!$B$2:$B$21,Inventory!$A$2:$A$21,"Product Not Found") -> #NAME? | M13: =IFERROR(INDEX(Markup!$B$2:$E$9,MATCH(C13,Markup!$A$2:$A$9,0),MATCH(E13,Markup!$B$1:$E$1,0)),"No Markup Data") -> No Markup Data | N13: =IFERROR(IF(D13>5,INDEX(Markup!$B$2:$E$9,MATCH(C13,Markup!$A$2:$A$9,0),MATCH(E13,Markup!$B$1:$E$1,0))-2%,INDEX(Markup!$B$2:$E$9,MATCH(C13,Markup!$A$2:$A$9,0),MATCH(E13,Markup!$B$1:$E$1,0))),"No Markup Data") -> No Markup Data
... A31: TXN009 | B31: 21-07-2026 | C31: P008 | D31: 5 | E31: North | F31: =IFERROR(VLOOKUP(C31,Inventory!$A$2:$F$21,2,FALSE),"Product Not Found") -> Moisturizer | G31: =IFERROR(VLOOKUP(C31,Inventory!$A$2:$F$21,3,FALSE),"Product Not Found") -> Beauty | H31: =IF(ISNA(VLOOKUP(C31,Inventory!$A$2:$F$21,2,FALSE)),"Review","OK") -> OK | I31: =IFERROR(INDEX(Inventory!$B$2:$B$21,MATCH(C31,Inventory!$A$2:$A$21,0)),"Product Not Found") -> Moisturizer | J31: =IFERROR(INDEX(Inventory!$A$2:$A$21,MATCH(F31,Inventory!$B$2:$B$21,0)),"Product Not Found") -> P008 | K31: =_xludf.XLOOKUP(C31,Inventory!$A$2:$A$21,Inventory!$B$2:$B$21,"Product Not Found") -> #NAME? | L31: =_xludf.XLOOKUP(F31,Inventory!$B$2:$B$21,Inventory!$A$2:$A$21,"Product Not Found") -> #NAME? | M31: =IFERROR(INDEX(Markup!$B$2:$E$9,MATCH(C31,Markup!$A$2:$A$9,0),MATCH(E31,Markup!$B$1:$E$1,0)),"No Markup Data") -> 0.09 | N31: =IFERROR(IF(D31>5,INDEX(Markup!$B$2:$E$9,MATCH(C31,Markup!$A$2:$A$9,0),MATCH(E31,Markup!$B$1:$E$1,0))-2%,INDEX(Markup!$B$2:$E$9,MATCH(C31,Markup!$A$2:$A$9,0),MATCH(E31,Markup!$B$1:$E$1,0))),"No Markup Data") -> 0.09

Sheet QuarterlyTargets
A1: Region | B1: Q1 Target | C1: Q2 Target | D1: Q3 Target | E1: Q4 Target
A2: North | B2: 250000 | C2: 275000 | D2: 260000 | E2: 300000
A3: South | B3: 220000 | C3: 230000 | D3: 245000 | E3: 260000
A4: East | B4: 180000 | C4: 190000 | D4: 200000 | E4: 210000
A5: West | B5: 300000 | C5: 310000 | D5: 295000 | E5: 330000

Sheet Markup
A1: Product Code | B1: North | C1: South | D1: East | E1: West
A2: P001 | B2: 0.07 | C2: 0.08 | D2: 0.1 | E2: 0.05
A3: P002 | B3: 0.05 | C3: 0.09 | D3: 0.07 | E3: 0.06
A4: P003 | B4: 0.06 | C4: 0.05 | D4: 0.04 | E4: 0.08
A5: P004 | B5: 0.11 | C5: 0.09 | D5: 0.08 | E5: 0.05
A6: P005 | B6: 0.06 | C6: 0.03 | D6: 0.09 | E6: 0.05
A7: P006 | B7: 0.05 | C7: 0.12 | D7: 0.05 | E7: 0.12
A8: P007 | B8: 0.08 | C8: 0.1 | D8: 0.08 | E8: 0.04
A9: P008 | B9: 0.09 | C9: 0.05 | D9: 0.06 | E9: 0.03

Sheet LookupTests
A1: Lookup Test | B1: Input | C1: Formula / Method | D1: Expected Result
A2: VLOOKUP Product Name | B2: P018 | C2: =VLOOKUP(B2,Inventory!$A$2:$F$21,2,FALSE) -> Water Bottle | D2: Water Bottle
A3: VLOOKUP Category | B3: P018 | C3: =VLOOKUP(B3,Inventory!$A$2:$F$21,3,FALSE) -> Sports | D3: Sports
A4: VLOOKUP + IFERROR | B4: P099 | C4: =IFERROR(VLOOKUP(B4,Inventory!$A$2:$F$21,2,FALSE),"Product Not Found") -> Product Not Found | D4: Product Not Found
A5: VLOOKUP + IFERROR | B5: P077 | C5: =IFERROR(VLOOKUP(B5,Inventory!$A$2:$F$21,2,FALSE),"Product Not Found") -> Product Not Found | D5: Product Not Found
A6: INDEX-MATCH left lookup | B6: Water Bottle | C6: =INDEX(Inventory!$A$2:$A$21,MATCH(B6,Inventory!$B$2:$B$21,0)) -> P018 | D6: P018
A7: INDEX-MATCH left lookup | B7: Cricket Bat | C7: =INDEX(Inventory!$A$2:$A$21,MATCH(B7,Inventory!$B$2:$B$21,0)) -> P013 | D7: P013
A8: XLOOKUP left lookup | B8: Water Bottle | C8: =_xludf.XLOOKUP(B8,Inventory!$B$2:$B$21,Inventory!$A$2:$A$21,"Product Not Found") -> #NAME? | D8: P018
A9: XLOOKUP left lookup | B9: Cricket Bat | C9: =_xludf.XLOOKUP(B9,Inventory!$B$2:$B$21,Inventory!$A$2:$A$21,"Product Not Found") -> #NAME? | D9: P013
A11: HLOOKUP Test | B11: Region | C11: Q3 Target | D11: Q4 Target
A12: HLOOKUP | B12: North | C12: =HLOOKUP("Q3 Target",QuarterlyTargets!$A$1:$E$5,MATCH(B12,QuarterlyTargets!$A$1:$A$5,0),FALSE) -> 260000 | D12: =HLOOKUP("Q4 Target",QuarterlyTargets!$A$1:$E$5,MATCH(B12,QuarterlyTargets!$A$1:$A$5,0),FALSE) -> 300000
A13: HLOOKUP | B13: South | C13: =HLOOKUP("Q3 Target",QuarterlyTargets!$A$1:$E$5,MATCH(B13,QuarterlyTargets!$A$1:$A$5,0),FALSE) -> 245000 | D13: =HLOOKUP("Q4 Target",QuarterlyTargets!$A$1:$E$5,MATCH(B13,QuarterlyTargets!$A$1:$A$5,0),FALSE) -> 260000
A14: HLOOKUP | B14: East | C14: =HLOOKUP("Q3 Target",QuarterlyTargets!$A$1:$E$5,MATCH(B14,QuarterlyTargets!$A$1:$A$5,0),FALSE) -> 200000 | D14: =HLOOKUP("Q4 Target",QuarterlyTargets!$A$1:$E$5,MATCH(B14,QuarterlyTargets!$A$1:$A$5,0),FALSE) -> 210000
A15: HLOOKUP | B15: West | C15: =HLOOKUP("Q3 Target",QuarterlyTargets!$A$1:$E$5,MATCH(B15,QuarterlyTargets!$A$1:$A$5,0),FALSE) -> 295000 | D15: =HLOOKUP("Q4 Target",QuarterlyTargets!$A$1:$E$5,MATCH(B15,QuarterlyTargets!$A$1:$A$5,0),FALSE) -> 330000
A16: Two-Way Lookup | B16: P003 | C16: East | D16: =INDEX(Markup!$B$2:$E$9,MATCH(B16,Markup!$A$2:$A$9,0),MATCH(C16,Markup!$B$1:$E$1,0)) -> 0.04
A17: Two-Way Lookup | B17: P008 | C17: South | D17: =INDEX(Markup!$B$2:$E$9,MATCH(B17,Markup!$A$2:$A$9,0),MATCH(C17,Markup!$B$1:$E$1,0)) -> 0.05
A18: Challenge: Commission Tier | B18: Sales Amount | C18: Commission %
B19: 0 | C19: 0.01
B20: 10000 | C20: 0.02
B21: 25000 | C21: 0.03
B22: 50000 | C22: 0.05
B23: 100000 | C23: 0.08
A24: Example Sales Amount | B24: 37500 | C24: =VLOOKUP(B24,$B$19:$C$23,2,TRUE) -> 0.03
A26: Data Quality Check | B26: Result
A27: Low-stock products (Stock Qty < Reorder Level) | B27: =SUMPRODUCT(--(Inventory!$E$2:$E$21<Inventory!$F$2:$F$21)) -> 5 | C27: Expected: 5
A28: High-value products (Unit Price > 1000) | B28: =COUNTIF(Inventory!$D$2:$D$21,">1000") -> 6 | C28: Expected: 6
A29: Sales rows with "Review" | B29: =COUNTIF(Sales!$H$2:$H$31,"Review") -> 3 | C29: Expected: 3
A31: Exact-match warning test | B31: P018 | C31: =VLOOKUP("P018",Inventory!$A$2:$F$21,2) -> Water Bottle | D31: Compare with FALSE-based lookup; TRUE/omitted is approximate match.

Sheet Lookup Reference Guide
A1: Function | B1: When to choose it
A2: VLOOKUP | B2: Use when the lookup key is in the leftmost column of the table and you want to return a value from a column to its right. Use FALSE for an exact match when the key must match exactly.
A3: INDEX-MATCH | B3: Use when you need more structural flexibility, especially when the return column is to the left of the lookup column. MATCH finds the position and INDEX returns the value.
A4: XLOOKUP | B4: Use when available for a modern, flexible lookup. It can search in either direction and has a built-in not-found argument, so it can replace many VLOOKUP+IFERROR and INDEX-MATCH cases.
A6: VLOOKUP exact-match warning | B6: Leaving the 4th argument out (or using TRUE) requests approximate matching. For an exact product-code lookup, that can silently return the closest lower match unless the lookup column is appropriately sorted.
A7: Approximate-match challenge | B7: TRUE is appropriate when the first column contains ascending breakpoints, such as commission tiers, and the intended result is the tier containing the lookup amount.
